{
    "TR": [
        "Adana", "Adiyaman", "Afyonkarahisar", "Agri", "Aksaray", "Amasya", "Ankara", "Antalya", "Ardahan", "Artvin",
        "Aydin", "Balikesir", "Bartin", "Batman", "Bayburt", "Bilecik", "Bingol", "Bitlis", "Bolu", "Burdur", "Bursa",
        "Canakkale", "Cankiri", "Corum", "Denizli", "Diyarbakir", "Duzce", "Edirne", "Elazig", "Erzincan", "Erzurum",
        "Eskisehir", "Gaziantep", "Giresun", "Gumushane", "Hakkari", "Hatay", "Igdir", "Isparta", "Istanbul", "Izmir",
        "Kahramanmaras", "Karabuk", "Karaman", "Kars", "Kastamonu", "Kayseri", "Kirikkale", "Kirklareli", "Kirsehir",
        "Kilis", "Kocaeli", "Konya", "Kutahya", "Malatya", "Manisa", "Mardin", "Mersin", "Mugla", "Mus", "Nevsehir",
        "Nigde", "Ordu", "Osmaniye", "Rize", "Sakarya", "Samsun", "Sanliurfa", "Siirt", "Sinop", "Sirnak", "Sivas",
        "Tekirdag", "Tokat", "Trabzon", "Tunceli", "Usak", "Van", "Yalova", "Yozgat", "Zonguldak"
    ],
    "INT": [
        "Washington", "New-York", "Los-Angeles", "Ottawa", "Toronto", "Mexico-City", "Havana",
        "Brasilia", "Sao-Paulo", "Rio-de-Janeiro", "Buenos-Aires", "Santiago", "Bogota", "Lima", "Caracas",
        "London", "Paris", "Berlin", "Rome", "Madrid", "Amsterdam", "Brussels", "Vienna", "Bern", "Lisbon",
        "Athens", "Dublin", "Stockholm", "Oslo", "Copenhagen", "Helsinki", "Reykjavik", "Moscow", "Kiev",
        "Warsaw", "Prague", "Budapest", "Bucharest", "Sofia", "Belgrade", "Sarajevo", "Skopje", "Tirana",
        "Pristina", "Zagreb", "Mecca", "Medina", "Riyadh", "Baku", "Tbilisi", "Yerevan", "Baghdad", "Tehran",
        "Damascus", "Beirut", "Amman", "Jerusalem", "Dubai", "Kuwait", "Doha", "Muscat", "Manama",
        "Sanaa", "Nicosia", "Nur-Sultan", "Almaty", "Tashkent", "Ashgabat", "Bishkek", "Dushanbe", "Kabul",
        "Islamabad", "New-Delhi", "Tokyo", "Seoul", "Beijing", "Jakarta", "Singapore", "Kuala-Lumpur",
        "Bangkok", "Manila", "Hanoi", "Sydney", "Melbourne", "Perth", "Auckland", "Cairo", "Tripoli",
        "Tunis", "Algiers", "Rabat", "Khartoum", "Abuja", "Dakar", "Nairobi", "Addis-Ababa", "Pretoria",
        "Cape-Town", "Kinshasa", "Juba"
    ]
}