{
    "Adiyaman": "Adıyaman", "Agri": "Ağrı", "Aydin": "Aydın", "Balikesir": "Balıkesir", "Bingol": "Bingöl",
    "Bitlis": "Bitlis", "Cankiri": "Çankırı", "Corum": "Çorum", "Diyarbakir": "Diyarbakır", "Duzce": "Düzce",
    "Elazig": "Elazığ", "Gumushane": "Gümüşhane", "Igdir": "Iğdır", "Istanbul": "İstanbul", "Izmir": "İzmir",
    "Kahramanmaras": "Kahramanmaraş", "Karabuk": "Karabük", "Kirikkale": "Kırıkkale", "Kirklareli": "Kırklareli",
    "Kirsehir": "Kırşehir", "Kutahya": "Kütahya", "Mus": "Muş", "Nigde": "Niğde", "Sanliurfa": "Şanlıurfa",
    "Sirnak": "Şırnak", "Tekirdag": "Tekirdağ", "Usak": "Uşak",
    "New-York": "New York", "Los-Angeles": "Los Angeles", "Mexico-City": "Mexico City", "San-Salvador": "San Salvador",
    "Guatemala-City": "Guatemala City", "Tegucigalpa": "Tegucigalpa", "Panama-City": "Panama City", 
    "Santo-Domingo": "Santo Domingo", "Port-au-Prince": "Port-au-Prince", "Saint-Johns": "Saint John's",
    "Saint-Georges": "Saint George's", "Port-of-Spain": "Port of Spain", "Rio-de-Janeiro": "Rio de Janeiro",
    "Buenos-Aires": "Buenos Aires", "Andorra-la-Vella": "Andorra la Vella", "St.-Petersburg": "St. Petersburg",
    "Nur-Sultan": "Nur-Sultan", "New-Delhi": "New Delhi", "Hong-Kong": "Hong Kong", "Kuala-Lumpur": "Kuala Lumpur",
    "Phnom-Penh": "Phnom Penh", "Bandar-Seri-Begawan": "Bandar Seri Begawan", "Port-Moresby": "Port Moresby",
    "N-Djamena": "N'Djamena", "Addis-Ababa": "Addis Ababa", "Cape-Town": "Cape Town", "Sao-Tome": "São Tomé",
    "Saint-Denis": "Saint-Denis", "Mecca": "Mekke", "Medina": "Medine", "Jerusalem": "Kudüs"
}