{
    "istanbul|tr": "Europe/Istanbul",
    "ankara|tr": "Europe/Istanbul",
    "izmir|tr": "Europe/Istanbul",
    "washington|us": "America/New_York",
    "new-york|us": "America/New_York",
    "los-angeles|us": "America/Los_Angeles",
    "ottawa|ca": "America/Toronto",
    "toronto|ca": "America/Toronto",
    "mexico-city|mx": "America/Mexico_City",
    "havana|cu": "America/Havana",
    "brasilia|br": "America/Sao_Paulo",
    "sao-paulo|br": "America/Sao_Paulo",
    "rio-de-janeiro|br": "America/Sao_Paulo",
    "buenos-aires|ar": "America/Argentina/Buenos_Aires",
    "santiago|cl": "America/Santiago",
    "bogota|co": "America/Bogota",
    "lima|pe": "America/Lima",
    "caracas|ve": "America/Caracas",
    "london|gb": "Europe/London",
    "paris|fr": "Europe/Paris",
    "berlin|de": "Europe/Berlin",
    "rome|it": "Europe/Rome",
    "madrid|es": "Europe/Madrid",
    "amsterdam|nl": "Europe/Amsterdam",
    "brussels|be": "Europe/Brussels",
    "vienna|at": "Europe/Vienna",
    "bern|ch": "Europe/Zurich",
    "lisbon|pt": "Europe/Lisbon",
    "athens|gr": "Europe/Athens",
    "dublin|ie": "Europe/Dublin",
    "stockholm|se": "Europe/Stockholm",
    "oslo|no": "Europe/Oslo",
    "copenhagen|dk": "Europe/Copenhagen",
    "helsinki|fi": "Europe/Helsinki",
    "reykjavik|is": "Atlantic/Reykjavik",
    "moscow|ru": "Europe/Moscow",
    "kiev|ua": "Europe/Kiev",
    "warsaw|pl": "Europe/Warsaw",
    "prague|cz": "Europe/Prague",
    "budapest|hu": "Europe/Budapest",
    "bucharest|ro": "Europe/Bucharest",
    "sofia|bg": "Europe/Sofia",
    "belgrade|rs": "Europe/Belgrade",
    "sarajevo|ba": "Europe/Sarajevo",
    "skopje|mk": "Europe/Skopje",
    "tirana|al": "Europe/Tirane",
    "pristina|xk": "Europe/Belgrade",
    "zagreb|hr": "Europe/Zagreb",
    "mecca|sa": "Asia/Riyadh",
    "medina|sa": "Asia/Riyadh",
    "riyadh|sa": "Asia/Riyadh",
    "baku|az": "Asia/Baku",
    "tbilisi|ge": "Asia/Tbilisi",
    "yerevan|am": "Asia/Yerevan",
    "baghdad|iq": "Asia/Baghdad",
    "tehran|ir": "Asia/Tehran",
    "damascus|sy": "Asia/Damascus",
    "beirut|lb": "Asia/Beirut",
    "amman|jo": "Asia/Amman",
    "jerusalem|il": "Asia/Jerusalem",
    "dubai|ae": "Asia/Dubai",
    "kuwait|kw": "Asia/Kuwait",
    "doha|qa": "Asia/Qatar",
    "muscat|om": "Asia/Muscat",
    "manama|bh": "Asia/Bahrain",
    "sanaa|ye": "Asia/Aden",
    "nicosia|cy": "Asia/Nicosia",
    "nur-sultan|kz": "Asia/Almaty",
    "almaty|kz": "Asia/Almaty",
    "tashkent|uz": "Asia/Tashkent",
    "ashgabat|tm": "Asia/Ashgabat",
    "bishkek|kg": "Asia/Bishkek",
    "dushanbe|tj": "Asia/Dushanbe",
    "kabul|af": "Asia/Kabul",
    "islamabad|pk": "Asia/Karachi",
    "new-delhi|in": "Asia/Kolkata",
    "tokyo|jp": "Asia/Tokyo",
    "seoul|kr": "Asia/Seoul",
    "beijing|cn": "Asia/Shanghai",
    "jakarta|id": "Asia/Jakarta",
    "singapore|sg": "Asia/Singapore",
    "kuala-lumpur|my": "Asia/Kuala_Lumpur",
    "bangkok|th": "Asia/Bangkok",
    "manila|ph": "Asia/Manila",
    "hanoi|vn": "Asia/Ho_Chi_Minh",
    "sydney|au": "Australia/Sydney",
    "melbourne|au": "Australia/Melbourne",
    "perth|au": "Australia/Perth",
    "auckland|nz": "Pacific/Auckland",
    "cairo|eg": "Africa/Cairo",
    "tripoli|ly": "Africa/Tripoli",
    "tunis|tn": "Africa/Tunis",
    "algiers|dz": "Africa/Algiers",
    "rabat|ma": "Africa/Casablanca",
    "khartoum|sd": "Africa/Khartoum",
    "abuja|ng": "Africa/Lagos",
    "dakar|sn": "Africa/Dakar",
    "nairobi|ke": "Africa/Nairobi",
    "addis-ababa|et": "Africa/Addis_Ababa",
    "pretoria|za": "Africa/Johannesburg",
    "cape-town|za": "Africa/Johannesburg",
    "kinshasa|cd": "Africa/Kinshasa",
    "juba|ss": "Africa/Juba"
}